-1114.967769,-1114.967769,,,,,,,,,,,,,,,,,
-1113.838511,-1114.40314,,,,,,,,,,,,,,,,,
-1097.55943,-1108.78857,,,,,,,,,,,,,,,,,
-806.1515217,-1033.129308,,,,,,,,,,,,,,,,,
-956.4917844,-1017.801803,,,,,,,,,,,,,,,,,
-1186.252131,-1045.876858,,,,,,,,,,,,,,,,,
-826.9166386,-1014.596827,,,,,,,,,,,,,,,,,
-726.5836413,-978.5951784,,,,,,,,,,,,,,,,,
-659.150326,-943.1013059,,,,,,,,,,,,,,,,,
-779.6940816,-926.7605834,,,,,,,,,,,,,,,,,
-799.3917749,-915.1816009,,,,,,,,,,,,,,,,,
-720.1086265,-898.9255197,,,,,,,,,,,,,,,,,
-658.0768759,-880.3987009,,,,,,,,,,,,,,,,,
-709.8941148,-868.2198019,,,,,,,,,,,,,,,,,
-634.5878893,-852.6443411,,,,,,,,,,,,,,,,,
-710.8632175,-843.7830208,,,,,,,,,,,,,,,,,
-868.0089063,-845.2080729,,,,,,,,,,,,,,,,,
-756.7920992,-840.2960744,,,,,,,,,,,,,,,,,
-526.7701017,-823.7947074,,,,,,,,,,,,,,,,,
-1036.043976,-834.4071708,,,,,,,,,,,,,,,,,
-609.8483134,-823.7138919,,,,,,,,,,,,,,,,,
-669.2229552,-816.6915766,,,,,,,,,,,,,,,,,
-1083.013982,-828.2708116,,,,,,,,,,,,,,,,,
-1110.868749,-840.0457257,,,,,,,,,,,,,,,,,
-657.0726944,-832.7268044,,,,,,,,,,,,,,,,,
-507.8262786,-820.2306304,,,,,,,,,,,,,,,,,
-881.159278,-822.4872469,,,,,,,,,,,,,,,,,
-663.7377042,-816.8176204,,,,,,,,,,,,,,,,,
-1043.072082,-824.6194984,,,,,,,,,,,,,,,,,
-818.2012273,-824.405556,,,,,,,,,,,,,,,,,
-691.9322659,-820.1322241,,,,,,,,,,,,,,,,,
-959.5773981,-824.4898858,,,,,,,,,,,,,,,,,
-1209.869981,-836.1680705,,,,,,,,,,,,,,,,,
-814.4734461,-835.5299933,,,,,,,,,,,,,,,,,
-837.8911795,-835.5974558,,,,,,,,,,,,,,,,,
-714.8695421,-832.2439026,,,,,,,,,,,,,,,,,
-820.5007952,-831.9265213,,,,,,,,,,,,,,,,,
-829.0237843,-831.8501335,,,,,,,,,,,,,,,,,
-732.9463262,-829.3141384,,,,,,,,,,,,,,,,,
-641.5494289,-824.6200207,,,,,,,,,,,,,,,,,
-762.6246705,-823.107939,,,,,,,,,,,,,,,,,
-815.0064605,-822.9150466,,,,,,,,,,,,,,,,,
-694.0107007,-819.9172712,,,,,,,,,,,,,,,,,
-894.4518608,-821.6112391,,,,,,,,,,,,,,,,,
-651.5469303,-817.8320322,,,,,,,,,,,,,,,,,
-792.3323658,-817.2776917,,,,,,,,,,,,,,,,,
-726.7743141,-815.3520879,,,,,,,,,,,,,,,,,
-674.8645838,-812.4252649,,,,,,,,,,,,,,,,,
-785.9573951,-811.8851043,,,,,,,,,,,,,,,,,
-684.2888532,-809.3331793,,,,,,,,,,,,,,,,,
-805.7202767,-809.262338,,,,,,,,,,,,,,,,,
-948.2032307,-811.9342783,,,,,,,,,,,,,,,,,
-854.3862595,-812.7352591,,,,,,,,,,,,,,,,,
-688.758424,-810.4393917,,,,,,,,,,,,,,,,,
-605.7784704,-806.7182841,,,,,,,,,,,,,,,,,
-791.4138819,-806.4449912,,,,,,,,,,,,,,,,,
-925.1524097,-808.5275775,,,,,,,,,,,,,,,,,
-727.5056223,-807.1306472,,,,,,,,,,,,,,,,,
-812.9567902,-807.2293954,,,,,,,,,,,,,,,,,
-802.111347,-807.1440946,,,,,,,,,,,,,,,,,
-560.9926406,-803.1088248,,,,,,,,,,,,,,,,,
-806.1805553,-803.1583689,,,,,,,,,,,,,,,,,
-637.2057031,-800.5241996,,,,,,,,,,,,,,,,,
-708.5076796,-799.0864415,,,,,,,,,,,,,,,,,
-781.7422776,-798.8196082,,,,,,,,,,,,,,,,,
-1039.276764,-802.4628984,,,,,,,,,,,,,,,,,
-682.1424338,-800.6670706,,,,,,,,,,,,,,,,,
-807.626991,-800.7694223,,,,,,,,,,,,,,,,,
-1050.547701,-804.3893974,,,,,,,,,,,,,,,,,
-1095.140737,-808.542988,,,,,,,,,,,,,,,,,
-737.9001723,-807.5480187,,,,,,,,,,,,,,,,,
-860.5615386,-808.2843176,,,,,,,,,,,,,,,,,
-783.4787952,-807.944516,,,,,,,,,,,,,,,,,
-934.9135022,-809.6603131,,,,,,,,,,,,,,,,,
-711.1618247,-808.3469999,,,,,,,,,,,,,,,,,
-817.2140545,-808.4636717,,,,,,,,,,,,,,,,,
-754.1404502,-807.7581753,,,,,,,,,,,,,,,,,
-895.3829858,-808.8815703,,,,,,,,,,,,,,,,,
-818.3986463,-809.0020396,,,,,,,,,,,,,,,,,
-722.6368513,-807.9224747,,,,,,,,,,,,,,,,,
-846.5715108,-808.3996233,,,,,,,,,,,,,,,,,
-737.7683493,-807.5382663,,,,,,,,,,,,,,,,,
-872.1353892,-808.3165449,,,,,,,,,,,,,,,,,
-893.5252851,-809.3309347,,,,,,,,,,,,,,,,,
-821.6994373,-809.4764465,,,,,,,,,,,,,,,,,
-754.1917999,-808.8336018,,,,,,,,,,,,,,,,,
-806.8134652,-808.8103818,,,,,,,,,,,,,,,,,
-1046.306737,-811.509204,,,,,,,,,,,,,,,,,
-819.9647217,-811.6042098,,,,,,,,,,,,,,,,,
-986.072804,-813.5427498,,,,,,,,,,,,,,,,,
-692.9607607,-812.217673,,,,,,,,,,,,,,,,,
-613.2946009,-810.0554657,,,,,,,,,,,,,,,,,
-748.466501,-809.3932187,,,,,,,,,,,,,,,,,
-708.0935965,-808.3155632,,,,,,,,,,,,,,,,,
-620.4948911,-806.3385035,,,,,,,,,,,,,,,,,
-787.4378137,-806.1416213,,,,,,,,,,,,,,,,,
-1113.024825,-809.3053656,,,,,,,,,,,,,,,,,
-657.5391457,-807.7567307,,,,,,,,,,,,,,,,,
-1059.48163,-810.2994065,,,,,,,,,,,,,,,,,
-501.3464625,-807.2098771,,,,,,,,,,,,,,,,,
-927.6781639,-808.4026324,,,,,,,,,,,,,,,,,
-1054.443965,-810.8148023,,,,,,,,,,,,,,,,,
-849.1859859,-811.1873381,,,,,,,,,,,,,,,,,
-620.7226155,-809.3559465,,,,,,,,,,,,,,,,,
-715.4701466,-808.461796,,,,,,,,,,,,,,,,,
-640.1280142,-806.8737415,,,,,,,,,,,,,,,,,
-506.3565207,-804.0651693,,,,,,,,,,,,,,,,,
-1081.319708,-806.632341,,,,,,,,,,,,,,,,,
-887.6642014,-807.3757525,,,,,,,,,,,,,,,,,
-974.8616584,-808.8983517,,,,,,,,,,,,,,,,,
-1096.819423,-811.4922352,,,,,,,,,,,,,,,,,
-1078.84653,-813.8793271,,,,,,,,,,,,,,,,,
-997.2038614,-815.5016681,,,,,,,,,,,,,,,,,
-1002.380271,-817.1409541,,,,,,,,,,,,,,,,,
-985.2480337,-818.6027548,,,,,,,,,,,,,,,,,
-1065.110303,-820.7278199,,,,,,,,,,,,,,,,,
-949.7294782,-821.8303982,,,,,,,,,,,,,,,,,
-1054.992001,-823.8063439,,,,,,,,,,,,,,,,,
-977.7399012,-825.0999033,,,,,,,,,,,,,,,,,
-855.5908988,-825.3539949,,,,,,,,,,,,,,,,,
-984.4961182,-826.669219,,,,,,,,,,,,,,,,,
-803.3378875,-826.4779786,,,,,,,,,,,,,,,,,
-1074.454272,-828.494046,,,,,,,,,,,,,,,,,
-815.9140246,-828.3925943,,,,,,,,,,,,,,,,,
-886.2605923,-828.8555382,,,,,,,,,,,,,,,,,
-1074.730806,-830.8069293,,,,,,,,,,,,,,,,,
-739.795048,-830.0903003,,,,,,,,,,,,,,,,,
-951.8211065,-831.0413222,,,,,,,,,,,,,,,,,
-995.7990377,-832.3185138,,,,,,,,,,,,,,,,,
-747.1606601,-831.6634534,,,,,,,,,,,,,,,,,
-1014.209314,-833.0569332,,,,,,,,,,,,,,,,,
-841.083164,-833.117738,,,,,,,,,,,,,,,,,
-627.745627,-831.5735868,,,,,,,,,,,,,,,,,
-825.7059636,-831.5297986,,,,,,,,,,,,,,,,,
-798.7209946,-831.2867704,,,,,,,,,,,,,,,,,
-880.5320273,-831.6488679,,,,,,,,,,,,,,,,,
-874.2660755,-831.9599424,,,,,,,,,,,,,,,,,
-797.7712104,-831.7121979,,,,,,,,,,,,,,,,,
-991.6544982,-832.862862,,,,,,,,,,,,,,,,,
-972.9975683,-833.8638241,,,,,,,,,,,,,,,,,
-1070.786085,-835.5441239,,,,,,,,,,,,,,,,,
-781.5211788,-835.1636806,,,,,,,,,,,,,,,,,
-846.9902422,-835.2463838,,,,,,,,,,,,,,,,,
-827.0920945,-835.1897568,,,,,,,,,,,,,,,,,
-940.6538518,-835.9170954,,,,,,,,,,,,,,,,,
-824.9588808,-835.8420391,,,,,,,,,,,,,,,,,
-902.4610827,-836.2952299,,,,,,,,,,,,,,,,,
-1048.393951,-837.7283294,,,,,,,,,,,,,,,,,
-665.1103608,-836.5698195,,,,,,,,,,,,,,,,,
-828.7735537,-836.5178444,,,,,,,,,,,,,,,,,
-854.8311776,-836.6391248,,,,,,,,,,,,,,,,,
-917.3253165,-837.169955,,,,,,,,,,,,,,,,,
-865.0078736,-837.3519022,,,,,,,,,,,,,,,,,
-832.1913489,-837.3183921,,,,,,,,,,,,,,,,,
-920.333914,-837.8539761,,,,,,,,,,,,,,,,,
-949.4807361,-838.5695322,,,,,,,,,,,,,,,,,
-899.1340273,-838.9552934,,,,,,,,,,,,,,,,,
-928.1606133,-839.519884,,,,,,,,,,,,,,,,,
-851.9102961,-839.5978111,,,,,,,,,,,,,,,,,
-895.1442075,-839.9449761,,,,,,,,,,,,,,,,,
-846.8200436,-839.9876784,,,,,,,,,,,,,,,,,
-951.6063077,-840.6766823,,,,,,,,,,,,,,,,,
-888.4083641,-840.9695147,,,,,,,,,,,,,,,,,
-798.9897928,-840.7135407,,,,,,,,,,,,,,,,,
-763.1862723,-840.2436785,,,,,,,,,,,,,,,,,
-719.432289,-839.5158991,,,,,,,,,,,,,,,,,
-920.8438192,-840.0028926,,,,,,,,,,,,,,,,,
-834.4727537,-839.9699751,,,,,,,,,,,,,,,,,
-786.5799014,-839.6540575,,,,,,,,,,,,,,,,,
-800.1510807,-839.421687,,,,,,,,,,,,,,,,,
-871.3696493,-839.6085172,,,,,,,,,,,,,,,,,
-959.7911417,-840.3072534,,,,,,,,,,,,,,,,,
-909.4158683,-840.7067252,,,,,,,,,,,,,,,,,
-877.1418874,-840.9161227,,,,,,,,,,,,,,,,,
-835.7818762,-840.8867841,,,,,,,,,,,,,,,,,
-869.0590591,-841.0468539,,,,,,,,,,,,,,,,,
-831.1950646,-840.991194,,,,,,,,,,,,,,,,,
-895.0550775,-841.2949237,,,,,,,,,,,,,,,,,
-919.8812318,-841.7339534,,,,,,,,,,,,,,,,,
-852.2228375,-841.792225,,,,,,,,,,,,,,,,,
-890.9961664,-842.0640699,,,,,,,,,,,,,,,,,
-869.4091115,-842.2143174,,,,,,,,,,,,,,,,,
-790.5612149,-841.93206,,,,,,,,,,,,,,,,,
-921.461228,-842.3642838,,,,,,,,,,,,,,,,,
-849.0428053,-842.4003839,,,,,,,,,,,,,,,,,
-801.1657186,-842.1786921,,,,,,,,,,,,,,,,,
-879.1395565,-842.3763438,,,,,,,,,,,,,,,,,
-827.2632403,-842.295955,,,,,,,,,,,,,,,,,
-903.8440489,-842.6216063,,,,,,,,,,,,,,,,,
-952.1951597,-843.1983092,,,,,,,,,,,,,,,,,
-933.7915123,-843.6726191,,,,,,,,,,,,,,,,,
-910.95739,-844.0230606,,,,,,,,,,,,,,,,,
-828.3246754,-843.9417219,,,,,,,,,,,,,,,,,
-955.0135306,-844.514257,,,,,,,,,,,,,,,,,
-862.4541316,-844.6062563,,,,,,,,,,,,,,,,,
-870.7866823,-844.7398299,,,,,,,,,,,,,,,,,
-854.1269369,-844.7874802,,,,,,,,,,,,,,,,,
-890.4940014,-845.0183212,,,,,,,,,,,,,,,,,
-972.6627284,-845.6597504,,,,,,,,,,,,,,,,,
-954.2940939,-846.2029221,,,,,,,,,,,,,,,,,
-814.6171048,-846.0457788,,,,,,,,,,,,,,,,,
-788.7357066,-845.7620655,,,,,,,,,,,,,,,,,
-696.633128,-845.0274402,,,,,,,,,,,,,,,,,
-883.3532223,-845.2153117,,,,,,,,,,,,,,,,,
-837.817667,-845.1792256,,,,,,,,,,,,,,,,,
-954.5372441,-845.7100898,,,,,,,,,,,,,,,,,
-909.9670668,-846.02051,,,,,,,,,,,,,,,,,
-813.044757,-845.8619727,,,,,,,,,,,,,,,,,
-884.6671667,-846.0476435,,,,,,,,,,,,,,,,,
-793.5270348,-845.7975453,,,,,,,,,,,,,,,,,
-815.7834286,-845.6552983,,,,,,,,,,,,,,,,,
-839.4862979,-845.6261993,,,,,,,,,,,,,,,,,
-897.7129189,-845.8707379,,,,,,,,,,,,,,,,,
-960.2358936,-846.4051545,,,,,,,,,,,,,,,,,
-885.7423781,-846.5881183,,,,,,,,,,,,,,,,,
-867.8429788,-846.6865205,,,,,,,,,,,,,,,,,
-872.0893157,-846.803584,,,,,,,,,,,,,,,,,
-904.099876,-847.0664111,,,,,,,,,,,,,,,,,
-962.8639632,-847.595167,,,,,,,,,,,,,,,,,
-952.923496,-848.0739321,,,,,,,,,,,,,,,,,
-773.4357799,-847.7362029,,,,,,,,,,,,,,,,,
-946.4731918,-848.1809641,,,,,,,,,,,,,,,,,
-944.4998646,-848.6128875,,,,,,,,,,,,,,,,,
-818.9166266,-848.4803149,,,,,,,,,,,,,,,,,
-833.0027533,-848.4115257,,,,,,,,,,,,,,,,,
-909.7427847,-848.682903,,,,,,,,,,,,,,,,,
-816.1190147,-848.5394497,,,,,,,,,,,,,,,,,
-827.8258515,-848.4486006,,,,,,,,,,,,,,,,,
-815.8810027,-848.306384,,,,,,,,,,,,,,,,,
-838.3167769,-848.2629509,,,,,,,,,,,,,,,,,
-964.1014363,-848.7644162,,,,,,,,,,,,,,,,,
-911.5344029,-849.0349765,,,,,,,,,,,,,,,,,
-837.293651,-848.9845846,,,,,,,,,,,,,,,,,
-903.8209456,-849.218928,,,,,,,,,,,,,,,,,
-875.8275394,-849.3321561,,,,,,,,,,,,,,,,,
-839.5726142,-849.2908021,,,,,,,,,,,,,,,,,
-959.9007708,-849.7575109,,,,,,,,,,,,,,,,,
-961.2737314,-850.2260664,,,,,,,,,,,,,,,,,
-942.6122772,-850.6126196,,,,,,,,,,,,,,,,,
-792.9186077,-850.3722279,,,,,,,,,,,,,,,,,
-905.3971621,-850.6005471,,,,,,,,,,,,,,,,,
-814.1042677,-850.449736,,,,,,,,,,,,,,,,,
-826.116113,-850.3495977,,,,,,,,,,,,,,,,,
-851.8935286,-850.3559253,,,,,,,,,,,,,,,,,
-757.4014293,-849.9765192,,,,,,,,,,,,,,,,,
-847.9530582,-849.9682937,,,,,,,,,,,,,,,,,
-686.7843869,-849.3076301,,,,,,,,,,,,,,,,,
-661.8098305,-848.5515906,,,,,,,,,,,,,,,,,
-686.582778,-847.9011134,,,,,,,,,,,,,,,,,
-787.4485532,-847.6593032,,,,,,,,,,,,,,,,,
-645.1566621,-846.8525198,,,,,,,,,,,,,,,,,
-615.9380973,-845.9361927,,,,,,,,,,,,,,,,,
-502.0858124,-844.5771003,,,,,,,,,,,,,,,,,
-785.9006091,-844.3460905,,,,,,,,,,,,,,,,,
-629.1462369,-843.5021695,,,,,,,,,,,,,,,,,
-1006.282327,-844.1380295,,,,,,,,,,,,,,,,,
-899.0965729,-844.3518759,,,,,,,,,,,,,,,,,
-747.7069712,-843.9772833,,,,,,,,,,,,,,,,,
-744.3316998,-843.5925513,,,,,,,,,,,,,,,,,
-813.0591363,-843.4751151,,,,,,,,,,,,,,,,,
-597.4480083,-842.5324825,,,,,,,,,,,,,,,,,
-944.5112356,-842.9217144,,,,,,,,,,,,,,,,,
-528.9139778,-841.7277686,,,,,,,,,,,,,,,,,
-910.1808287,-841.9870605,,,,,,,,,,,,,,,,,
-829.9029218,-841.94146,,,,,,,,,,,,,,,,,
-608.7221204,-841.0646956,,,,,,,,,,,,,,,,,
-628.1536003,-840.2672757,,,,,,,,,,,,,,,,,
-815.4881502,-840.1748163,,,,,,,,,,,,,,,,,
-840.8510902,-840.1773303,,,,,,,,,,,,,,,,,
-753.4722335,-839.8562003,,,,,,,,,,,,,,,,,
-936.3184926,-840.2121498,,,,,,,,,,,,,,,,,
-600.4316225,-839.3306037,,,,,,,,,,,,,,,,,
-841.2337536,-839.3375749,,,,,,,,,,,,,,,,,
-733.7025722,-838.9520457,,,,,,,,,,,,,,,,,
-702.3993583,-838.4554905,,,,,,,,,,,,,,,,,
-733.6348487,-838.0757056,,,,,,,,,,,,,,,,,
-1012.040629,-838.7037378,,,,,,,,,,,,,,,,,
-967.6171396,-839.1674551,,,,,,,,,,,,,,,,,
-930.478292,-839.494734,,,,,,,,,,,,,,,,,
-1142.155946,-840.5756669,,,,,,,,,,,,,,,,,
-746.5608194,-840.2410945,,,,,,,,,,,,,,,,,
-754.1650133,-839.9358602,,,,,,,,,,,,,,,,,
-775.2074157,-839.7071378,,,,,,,,,,,,,,,,,
-797.1029473,-839.557123,,,,,,,,,,,,,,,,,
-789.4302258,-839.3812392,,,,,,,,,,,,,,,,,
-717.0762612,-838.9535994,,,,,,,,,,,,,,,,,
-759.0182211,-838.6750789,,,,,,,,,,,,,,,,,
-766.2002444,-838.4234302,,,,,,,,,,,,,,,,,
-978.4916709,-838.9080954,,,,,,,,,,,,,,,,,
-971.4429026,-839.365112,,,,,,,,,,,,,,,,,
-628.9607183,-838.6420728,,,,,,,,,,,,,,,,,
-953.4171149,-839.035138,,,,,,,,,,,,,,,,,
-881.0166817,-839.1784197,,,,,,,,,,,,,,,,,
-569.320551,-838.2605358,,,,,,,,,,,,,,,,,
-626.77203,-837.5436256,,,,,,,,,,,,,,,,,
-782.9237503,-837.359099,,,,,,,,,,,,,,,,,
-607.9648394,-836.5867278,,,,,,,,,,,,,,,,,
-1176.058633,-837.7258953,,,,,,,,,,,,,,,,,
-653.8262402,-837.1108462,,,,,,,,,,,,,,,,,
-845.7986822,-837.1398057,,,,,,,,,,,,,,,,,
-510.82649,-836.0557083,,,,,,,,,,,,,,,,,
-496.5836202,-834.9316285,,,,,,,,,,,,,,,,,
-1181.244057,-836.0745738,,,,,,,,,,,,,,,,,
-605.9249904,-835.3175028,,,,,,,,,,,,,,,,,
-1231.869292,-836.6176726,,,,,,,,,,,,,,,,,
-658.9804548,-836.0371589,,,,,,,,,,,,,,,,,
-606.8094596,-835.2904888,,,,,,,,,,,,,,,,,
-710.9865434,-834.8869046,,,,,,,,,,,,,,,,,
-619.1712474,-834.1887957,,,,,,,,,,,,,,,,,
-651.3542546,-833.5990068,,,,,,,,,,,,,,,,,
-788.529608,-833.4540891,,,,,,,,,,,,,,,,,
-722.4553117,-833.0983238,,,,,,,,,,,,,,,,,
-1087.126366,-833.909915,,,,,,,,,,,,,,,,,
-642.849349,-833.3014419,,,,,,,,,,,,,,,,,
-758.2596799,-833.0632141,,,,,,,,,,,,,,,,,
-669.2581981,-832.5448438,,,,,,,,,,,,,,,,,
-765.6444171,-832.3338014,,,,,,,,,,,,,,,,,
-799.9177001,-832.231864,,,,,,,,,,,,,,,,,
-792.0293151,-832.1058372,,,,,,,,,,,,,,,,,
-1155.316847,-833.1158716,,,,,,,,,,,,,,,,,
-794.939047,-832.9969407,,,,,,,,,,,,,,,,,
-798.4338913,-832.889602,,,,,,,,,,,,,,,,,
-707.8736126,-832.5025556,,,,,,,,,,,,,,,,,
-818.7260843,-832.4600356,,,,,,,,,,,,,,,,,
-677.6512961,-831.983701,,,,,,,,,,,,,,,,,
-862.2288734,-832.0764777,,,,,,,,,,,,,,,,,
-755.4675897,-831.8421997,,,,,,,,,,,,,,,,,
-829.2550646,-831.8343121,,,,,,,,,,,,,,,,,
-842.5819071,-831.8669796,,,,,,,,,,,,,,,,,
-842.9004791,-831.9004144,,,,,,,,,,,,,,,,,
-922.8467827,-832.1751769,,,,,,,,,,,,,,,,,
-825.5447092,-832.1552056,,,,,,,,,,,,,,,,,
-745.9921572,-831.8964577,,,,,,,,,,,,,,,,,
-800.5687637,-831.8026622,,,,,,,,,,,,,,,,,
-796.3190008,-831.6967408,,,,,,,,,,,,,,,,,
-806.3902272,-831.6214238,,,,,,,,,,,,,,,,,
-763.7686696,-831.4200803,,,,,,,,,,,,,,,,,
-944.9130259,-831.7558583,,,,,,,,,,,,,,,,,
-793.9367085,-831.6442973,,,,,,,,,,,,,,,,,
-819.8058774,-831.6094785,,,,,,,,,,,,,,,,,
-955.1662675,-831.9718151,,,,,,,,,,,,,,,,,
-845.0020699,-832.0099152,,,,,,,,,,,,,,,,,
-656.3043188,-831.497654,,,,,,,,,,,,,,,,,
-659.2375653,-830.996898,,,,,,,,,,,,,,,,,
-920.6249264,-831.2566893,,,,,,,,,,,,,,,,,
-795.0029011,-831.1519096,,,,,,,,,,,,,,,,,
-618.9545931,-830.54039,,,,,,,,,,,,,,,,,
-572.6883835,-829.7994359,,,,,,,,,,,,,,,,,
-726.623276,-829.5038022,,,,,,,,,,,,,,,,,
-723.2996168,-829.2003617,,,,,,,,,,,,,,,,,
-935.5620855,-829.5033866,,,,,,,,,,,,,,,,,
-648.1676768,-828.9882283,,,,,,,,,,,,,,,,,
-789.2944759,-828.8757814,,,,,,,,,,,,,,,,,
-766.1948281,-828.6987166,,,,,,,,,,,,,,,,,
-893.6385808,-828.8816458,,,,,,,,,,,,,,,,,
-874.7534041,-829.010499,,,,,,,,,,,,,,,,,
-813.6394422,-828.9674428,,,,,,,,,,,,,,,,,
-842.300043,-829.0046847,,,,,,,,,,,,,,,,,
-804.3330752,-828.9359616,,,,,,,,,,,,,,,,,
-793.0307458,-828.8362249,,,,,,,,,,,,,,,,,
-790.4567235,-828.7299105,,,,,,,,,,,,,,,,,
-787.1457897,-828.6150372,,,,,,,,,,,,,,,,,
-824.1419096,-828.6027145,,,,,,,,,,,,,,,,,
-609.2807208,-828.0001816,,,,,,,,,,,,,,,,,
-688.5507777,-827.6181284,,,,,,,,,,,,,,,,,
-741.7133444,-827.3834159,,,,,,,,,,,,,,,,,
-759.8964981,-827.1995278,,,,,,,,,,,,,,,,,
-769.0381306,-827.0414806,,,,,,,,,,,,,,,,,
-807.8695604,-826.9895241,,,,,,,,,,,,,,,,,
-817.4198682,-826.9636602,,,,,,,,,,,,,,,,,
-749.102284,-826.7537913,,,,,,,,,,,,,,,,,
-840.6687574,-826.7911971,,,,,,,,,,,,,,,,,
-797.4766691,-826.7126059,,,,,,,,,,,,,,,,,
-782.3080959,-826.5938772,,,,,,,,,,,,,,,,,
-630.5081538,-826.070982,,,,,,,,,,,,,,,,,
-727.6519328,-825.8092292,,,,,,,,,,,,,,,,,
-717.5591927,-825.5220938,,,,,,,,,,,,,,,,,
-869.0829642,-825.6373342,,,,,,,,,,,,,,,,,
-1028.94832,-826.1737748,,,,,,,,,,,,,,,,,
-535.9928709,-825.4101408,,,,,,,,,,,,,,,,,
-884.0895119,-825.5641549,,,,,,,,,,,,,,,,,
-1055.121787,-826.1650911,,,,,,,,,,,,,,,,,
-659.5886187,-825.7301656,,,,,,,,,,,,,,,,,
-843.3427436,-825.7760317,,,,,,,,,,,,,,,,,
-625.3482439,-825.2554401,,,,,,,,,,,,,,,,,
-840.9632289,-825.2961338,,,,,,,,,,,,,,,,,
-814.4935511,-825.2682202,,,,,,,,,,,,,,,,,
-754.4766544,-825.0857677,,,,,,,,,,,,,,,,,
-623.7402447,-824.5681699,,,,,,,,,,,,,,,,,
-852.5081087,-824.6398108,,,,,,,,,,,,,,,,,
-879.302283,-824.7796125,,,,,,,,,,,,,,,,,
-699.1583752,-824.4591502,,,,,,,,,,,,,,,,,
-720.3098952,-824.1941393,,,,,,,,,,,,,,,,,
-408.3274548,-823.1386401,,,,,,,,,,,,,,,,,
-718.8568346,-822.8746356,,,,,,,,,,,,,,,,,
-629.3405121,-822.385913,,,,,,,,,,,,,,,,,
-649.7161326,-821.9509766,,,,,,,,,,,,,,,,,
-600.4282552,-821.3943868,,,,,,,,,,,,,,,,,
-617.172823,-820.8825533,,,,,,,,,,,,,,,,,
-642.2143118,-820.4358827,,,,,,,,,,,,,,,,,
-814.6563488,-820.4214699,,,,,,,,,,,,,,,,,
-691.8151649,-820.1015537,,,,,,,,,,,,,,,,,
-650.7267373,-819.6812688,,,,,,,,,,,,,,,,,
-732.5081893,-819.4654939,,,,,,,,,,,,,,,,,
-896.4321098,-819.6555349,,,,,,,,,,,,,,,,,
-770.480905,-819.5344151,,,,,,,,,,,,,,,,,
-643.1336553,-819.100998,,,,,,,,,,,,,,,,,
-771.4017896,-818.9840882,,,,,,,,,,,,,,,,,
-929.905596,-819.2552899,,,,,,,,,,,,,,,,,
-682.5243792,-818.9217999,,,,,,,,,,,,,,,,,
-848.0790612,-818.9927421,,,,,,,,,,,,,,,,,
-830.0486875,-819.019577,,,,,,,,,,,,,,,,,
-811.4086942,-819.0011487,,,,,,,,,,,,,,,,,
-769.1236357,-818.8806716,,,,,,,,,,,,,,,,,
-818.8187614,-818.8805224,,,,,,,,,,,,,,,,,
-826.7553755,-818.8994524,,,,,,,,,,,,,,,,,
-811.6735459,-818.882124,,,,,,,,,,,,,,,,,
-805.1776707,-818.8493383,,,,,,,,,,,,,,,,,
-766.1050215,-818.7234568,,,,,,,,,,,,,,,,,
-854.623326,-818.8089327,,,,,,,,,,,,,,,,,
-799.7150723,-818.7635791,,,,,,,,,,,,,,,,,
-751.9386516,-818.6052262,,,,,,,,,,,,,,,,,
-807.5284752,-818.5790401,,,,,,,,,,,,,,,,,
-654.7724097,-818.1927037,,,,,,,,,,,,,,,,,
-750.0075802,-818.0322681,,,,,,,,,,,,,,,,,
-749.1156912,-817.8704921,,,,,,,,,,,,,,,,,
-892.8566022,-818.0461036,,,,,,,,,,,,,,,,,
-732.463121,-817.8461433,,,,,,,,,,,,,,,,,
-798.4066028,-817.8008297,,,,,,,,,,,,,,,,,
-782.2684105,-817.7181962,,,,,,,,,,,,,,,,,
-665.9420395,-817.3660473,,,,,,,,,,,,,,,,,
-714.2351666,-817.1273184,,,,,,,,,,,,,,,,,
-743.1959359,-816.9565762,,,,,,,,,,,,,,,,,
-666.4794059,-816.6098546,,,,,,,,,,,,,,,,,
-508.774448,-815.902187,,,,,,,,,,,,,,,,,
-819.3752608,-815.9101528,,,,,,,,,,,,,,,,,
-1082.680977,-816.5206123,,,,,,,,,,,,,,,,,
-704.1549122,-816.2640696,,,,,,,,,,,,,,,,,
-815.7452544,-816.2628878,,,,,,,,,,,,,,,,,
-873.7474758,-816.3935346,,,,,,,,,,,,,,,,,
-795.0537629,-816.3451451,,,,,,,,,,,,,,,,,
-851.5116699,-816.4247074,,,,,,,,,,,,,,,,,
-753.2344121,-816.2820656,,,,,,,,,,,,,,,,,
-752.885307,-816.1392802,,,,,,,,,,,,,,,,,
-798.325631,-816.0992495,,,,,,,,,,,,,,,,,
-805.9731828,-816.0765453,,,,,,,,,,,,,,,,,
-688.479163,-815.7910925,,,,,,,,,,,,,,,,,
-631.4834583,-815.3796916,,,,,,,,,,,,,,,,,
-694.6515504,-815.1108093,,,,,,,,,,,,,,,,,
-669.0723908,-814.7862795,,,,,,,,,,,,,,,,,
-730.6649901,-814.5997578,,,,,,,,,,,,,,,,,
-799.6021842,-814.5665773,,,,,,,,,,,,,,,,,
-642.404664,-814.1865289,,,,,,,,,,,,,,,,,
-770.4444585,-814.0901807,,,,,,,,,,,,,,,,,
-692.8050842,-813.8236201,,,,,,,,,,,,,,,,,
-636.1783384,-813.4340471,,,,,,,,,,,,,,,,,
-682.9068345,-813.1484296,,,,,,,,,,,,,,,,,
-841.6291191,-813.2106145,,,,,,,,,,,,,,,,,
-751.4181759,-813.0759904,,,,,,,,,,,,,,,,,
-780.762632,-813.005744,,,,,,,,,,,,,,,,,
-793.3860003,-812.9631849,,,,,,,,,,,,,,,,,
-615.2106734,-812.5351492,,,,,,,,,,,,,,,,,
-795.7373827,-812.4988689,,,,,,,,,,,,,,,,,
-767.6557008,-812.4022241,,,,,,,,,,,,,,,,,
-734.3045241,-812.2342721,,,,,,,,,,,,,,,,,
-944.7395175,-812.5186181,,,,,,,,,,,,,,,,,
-856.1185595,-812.6119799,,,,,,,,,,,,,,,,,
-825.4846188,-812.6394855,,,,,,,,,,,,,,,,,
-825.753278,-812.6674467,,,,,,,,,,,,,,,,,
-617.8423192,-812.2529251,,,,,,,,,,,,,,,,,
-835.7226123,-812.3027546,,,,,,,,,,,,,,,,,
-795.4072164,-812.266959,,,,,,,,,,,,,,,,,
-723.6429024,-812.0795931,,,,,,,,,,,,,,,,,
-381.4878444,-811.1711717,,,,,,,,,,,,,,,,,
-620.4648029,-810.7696846,,,,,,,,,,,,,,,,,
-720.2098975,-810.579433,,,,,,,,,,,,,,,,,
-728.3616417,-810.4070686,,,,,,,,,,,,,,,,,
-621.978908,-810.0128675,,,,,,,,,,,,,,,,,
-677.2861487,-809.7357762,,,,,,,,,,,,,,,,,
-763.2049973,-809.6388371,,,,,,,,,,,,,,,,,
-797.805501,-809.6142355,,,,,,,,,,,,,,,,,
-804.0937698,-809.6027823,,,,,,,,,,,,,,,,,
-822.6393701,-809.6297731,,,,,,,,,,,,,,,,,
-824.3865705,-809.6602624,,,,,,,,,,,,,,,,,
-659.9208741,-809.3515214,,,,,,,,,,,,,,,,,
-521.3590914,-808.7589444,,,,,,,,,,,,,,,,,
-723.9651457,-808.5848298,,,,,,,,,,,,,,,,,
-508.68713,-807.9702853,,,,,,,,,,,,,,,,,
-1079.933069,-808.5264464,,,,,,,,,,,,,,,,,
-843.3180387,-808.5974497,,,,,,,,,,,,,,,,,
-746.03672,-808.4700348,,,,,,,,,,,,,,,,,
-786.0362104,-808.4244376,,,,,,,,,,,,,,,,,
-727.0884286,-808.2594558,,,,,,,,,,,,,,,,,
-791.7290882,-808.2259935,,,,,,,,,,,,,,,,,
-640.4694536,-807.8870914,,,,,,,,,,,,,,,,,
-741.6538334,-807.7535566,,,,,,,,,,,,,,,,,
-636.5925617,-807.4091683,,,,,,,,,,,,,,,,,
-709.0561748,-807.2116723,,,,,,,,,,,,,,,,,
-893.093394,-807.38378,,,,,,,,,,,,,,,,,
-613.7690262,-806.9965505,,,,,,,,,,,,,,,,,
-743.7430975,-806.8702961,,,,,,,,,,,,,,,,,
-735.4181715,-806.7279612,,,,,,,,,,,,,,,,,
-824.6038061,-806.7634996,,,,,,,,,,,,,,,,,
-633.3304836,-806.4193865,,,,,,,,,,,,,,,,,
-534.7175195,-805.881363,,,,,,,,,,,,,,,,,
-652.0462829,-805.5773411,,,,,,,,,,,,,,,,,
-621.6190021,-805.2145042,,,,,,,,,,,,,,,,,
-642.5465725,-804.8942917,,,,,,,,,,,,,,,,,
-487.1799421,-804.2700985,,,,,,,,,,,,,,,,,
-846.9844391,-804.3538521,,,,,,,,,,,,,,,,,
-728.2831108,-804.2049857,,,,,,,,,,,,,,,,,
-603.7153841,-803.8134044,,,,,,,,,,,,,,,,,
-380.5529483,-802.9883353,,,,,,,,,,,,,,,,,
-623.6793792,-802.6394852,,,,,,,,,,,,,,,,,
-508.7550511,-802.0688358,,,,,,,,,,,,,,,,,
-649.8552791,-801.7738483,,,,,,,,,,,,,,,,,
-781.4337835,-801.7345058,,,,,,,,,,,,,,,,,
-577.3580454,-801.3013466,,,,,,,,,,,,,,,,,
-576.3259512,-800.867868,,,,,,,,,,,,,,,,,
-796.3628594,-800.8592045,,,,,,,,,,,,,,,,,
-522.2445235,-800.3244355,,,,,,,,,,,,,,,,,
-494.3863225,-799.7383471,,,,,,,,,,,,,,,,,
-677.0454873,-799.5037527,,,,,,,,,,,,,,,,,
-515.4718542,-798.9617071,,,,,,,,,,,,,,,,,
-517.627509,-798.4258325,,,,,,,,,,,,,,,,,
-906.1873659,-798.6307023,,,,,,,,,,,,,,,,,
-391.8281276,-797.8587809,,,,,,,,,,,,,,,,,
-630.2046368,-797.5412541,,,,,,,,,,,,,,,,,
-648.1475508,-797.2588464,,,,,,,,,,,,,,,,,
-1079.198381,-797.7908078,,,,,,,,,,,,,,,,,
-872.4099239,-797.9313334,,,,,,,,,,,,,,,,,
-617.3934008,-797.5919764,,,,,,,,,,,,,,,,,
-735.8694648,-797.4761743,,,,,,,,,,,,,,,,,
-727.7752299,-797.3456482,,,,,,,,,,,,,,,,,
-767.5860499,-797.2900228,,,,,,,,,,,,,,,,,
-374.7465439,-796.5016954,,,,,,,,,,,,,,,,,
-741.0512374,-796.3984357,,,,,,,,,,,,,,,,,
-932.4261688,-796.6512753,,,,,,,,,,,,,,,,,
-644.8730331,-796.369683,,,,,,,,,,,,,,,,,
-866.2496659,-796.4990904,,,,,,,,,,,,,,,,,
-526.3778151,-795.9997905,,,,,,,,,,,,,,,,,
-706.1850042,-795.8340805,,,,,,,,,,,,,,,,,
-761.7453362,-795.771302,,,,,,,,,,,,,,,,,
-628.3011468,-795.4634524,,,,,,,,,,,,,,,,,
-585.6439625,-795.0784626,,,,,,,,,,,,,,,,,
-510.3230704,-794.5569325,,,,,,,,,,,,,,,,,
-380.9826821,-793.8008553,,,,,,,,,,,,,,,,,
-497.1924496,-793.2595991,,,,,,,,,,,,,,,,,
-523.9496693,-792.7690528,,,,,,,,,,,,,,,,,
-612.364165,-792.4410439,,,,,,,,,,,,,,,,,
-503.6499633,-791.9169221,,,,,,,,,,,,,,,,,
-428.7263316,-791.2589682,,,,,,,,,,,,,,,,,
-497.8400095,-790.7283733,,,,,,,,,,,,,,,,,
-243.6202378,-789.7408135,,,,,,,,,,,,,,,,,
-1064.20278,-790.2353395,,,,,,,,,,,,,,,,,
-501.9812678,-789.716897,,,,,,,,,,,,,,,,,
-623.3845059,-789.4182751,,,,,,,,,,,,,,,,,
-255.9249235,-788.4621938,,,,,,,,,,,,,,,,,
-598.1407889,-788.1217262,,,,,,,,,,,,,,,,,
-512.6897535,-787.6298834,,,,,,,,,,,,,,,,,
-626.653529,-787.342938,,,,,,,,,,,,,,,,,
-758.0433862,-787.2908036,,,,,,,,,,,,,,,,,
-501.9511319,-786.7839835,,,,,,,,,,,,,,,,,
-617.9964043,-786.4847148,,,,,,,,,,,,,,,,,
-378.3106817,-785.7622829,,,,,,,,,,,,,,,,,
-646.0974811,-785.5155253,,,,,,,,,,,,,,,,,
-1042.793686,-785.9692786,,,,,,,,,,,,,,,,,
-597.4142409,-785.6373155,,,,,,,,,,,,,,,,,
-380.6265016,-784.9255215,,,,,,,,,,,,,,,,,
-616.0386073,-784.6292287,,,,,,,,,,,,,,,,,
-732.4605598,-784.537865,,,,,,,,,,,,,,,,,
-692.5522751,-784.377051,,,,,,,,,,,,,,,,,
-706.8421938,-784.2417371,,,,,,,,,,,,,,,,,
-641.734195,-783.9934661,,,,,,,,,,,,,,,,,
-783.4339974,-783.9924931,,,,,,,,,,,,,,,,,
-381.1233214,-783.2930675,,,,,,,,,,,,,,,,,
-718.68403,-783.1810934,,,,,,,,,,,,,,,,,
-789.7397257,-783.1924406,,,,,,,,,,,,,,,,,
-621.2877618,-782.9128124,,,,,,,,,,,,,,,,,
-370.2117626,-782.2012589,,,,,,,,,,,,,,,,,
-752.1879743,-782.1496009,,,,,,,,,,,,,,,,,
-507.0237383,-781.6768761,,,,,,,,,,,,,,,,,
-493.6965734,-781.1829133,,,,,,,,,,,,,,,,,
-512.6403377,-780.7230801,,,,,,,,,,,,,,,,,
-668.3304922,-780.530956,,,,,,,,,,,,,,,,,
-944.6676372,-780.8110528,,,,,,,,,,,,,,,,,
-383.4880135,-780.1341822,,,,,,,,,,,,,,,,,
-735.7566704,-780.0587102,,,,,,,,,,,,,,,,,
-371.1450377,-779.3644595,,,,,,,,,,,,,,,,,
-971.6831243,-779.6904233,,,,,,,,,,,,,,,,,
-501.5231071,-779.219751,,,,,,,,,,,,,,,,,
-300.8167486,-778.4116379,,,,,,,,,,,,,,,,,
-1080.783428,-778.9215397,,,,,,,,,,,,,,,,,
-392.3617523,-778.2707657,,,,,,,,,,,,,,,,,
-614.2368372,-777.9950784,,,,,,,,,,,,,,,,,
-548.7081022,-777.6103687,,,,,,,,,,,,,,,,,
-633.7601921,-777.3694136,,,,,,,,,,,,,,,,,
-498.9223994,-776.9037832,,,,,,,,,,,,,,,,,
-626.9764011,-776.653487,,,,,,,,,,,,,,,,,
-816.2636019,-776.7195039,,,,,,,,,,,,,,,,,
-503.331986,-776.2646162,,,,,,,,,,,,,,,,,
-540.8370556,-775.8735405,,,,,,,,,,,,,,,,,
-1101.725674,-776.4139255,,,,,,,,,,,,,,,,,
-884.278144,-776.5925086,,,,,,,,,,,,,,,,,
-377.3278255,-775.932567,,,,,,,,,,,,,,,,,
-127.4944279,-774.862537,,,,,,,,,,,,,,,,,
-249.2248683,-773.9965771,,,,,,,,,,,,,,,,,
-252.9208017,-773.1395446,,,,,,,,,,,,,,,,,
-760.3121299,-773.1184815,,,,,,,,,,,,,,,,,
-508.7162151,-772.6850352,,,,,,,,,,,,,,,,,
-673.6131317,-772.522888,,,,,,,,,,,,,,,,,
-500.813074,-772.0789178,,,,,,,,,,,,,,,,,
-821.1213547,-772.1589217,,,,,,,,,,,,,,,,,
-660.1014257,-771.9764177,,,,,,,,,,,,,,,,,
-659.2798248,-771.7931712,,,,,,,,,,,,,,,,,
-514.7806067,-771.375943,,,,,,,,,,,,,,,,,
-256.6512248,-770.5417052,,,,,,,,,,,,,,,,,
-486.3615924,-770.0818668,,,,,,,,,,,,,,,,,
-501.3068548,-769.6476584,,,,,,,,,,,,,,,,,
-128.2206153,-768.6130987,,,,,,,,,,,,,,,,,
-257.0177911,-767.7892737,,,,,,,,,,,,,,,,,
-995.9547113,-768.1560991,,,,,,,,,,,,,,,,,
-173.8136006,-767.2020983,,,,,,,,,,,,,,,,,
-567.8673231,-766.8826516,,,,,,,,,,,,,,,,,
-254.0698777,-766.0621511,,,,,,,,,,,,,,,,,
-130.9442603,-765.0475858,,,,,,,,,,,,,,,,,
-785.5529521,-765.0802898,,,,,,,,,,,,,,,,,
-518.6610736,-764.6879025,,,,,,,,,,,,,,,,,
-254.2374424,-763.8763755,,,,,,,,,,,,,,,,,
-154.3499394,-762.9088732,,,,,,,,,,,,,,,,,
-208.2949301,-762.0299288,,,,,,,,,,,,,,,,,
-252.5900249,-761.223853,,,,,,,,,,,,,,,,,
-494.6837897,-760.8027786,,,,,,,,,,,,,,,,,
-252.6653871,-760.0013001,,,,,,,,,,,,,,,,,
-128.5886427,-759.0069495,,,,,,,,,,,,,,,,,
-126.4796056,-758.0124096,,,,,,,,,,,,,,,,,
-925.3089773,-758.2750416,,,,,,,,,,,,,,,,,
-680.637891,-758.1533533,,,,,,,,,,,,,,,,,
-394.3991626,-757.5840979,,,,,,,,,,,,,,,,,
-253.310476,-756.7961703,,,,,,,,,,,,,,,,,
-574.2762066,-756.5114278,,,,,,,,,,,,,,,,,
-404.5878933,-755.9632603,,,,,,,,,,,,,,,,,
-126.308348,-754.9840147,,,,,,,,,,,,,,,,,
-1054.700477,-755.449413,,,,,,,,,,,,,,,,,
-248.6336455,-754.6636521,,,,,,,,,,,,,,,,,
-264.7980169,-753.9053461,,,,,,,,,,,,,,,,,
-844.2767017,-754.0450237,,,,,,,,,,,,,,,,,
-408.7032518,-753.5120888,,,,,,,,,,,,,,,,,
-127.4276797,-752.5473979,,,,,,,,,,,,,,,,,
-249.8052563,-751.7739485,,,,,,,,,,,,,,,,,
-253.4794833,-751.0085192,,,,,,,,,,,,,,,,,
-781.8227481,-751.0557803,,,,,,,,,,,,,,,,,
-129.1956255,-750.1034676,,,,,,,,,,,,,,,,,
-430.4805757,-749.6147476,,,,,,,,,,,,,,,,,
-698.1285195,-749.5361427,,,,,,,,,,,,,,,,,
-650.0198313,-749.384441,,,,,,,,,,,,,,,,,
-390.8897484,-748.838787,,,,,,,,,,,,,,,,,
-653.2079538,-748.6934513,,,,,,,,,,,,,,,,,
-251.530834,-747.9390316,,,,,,,,,,,,,,,,,
-385.7048295,-747.3901919,,,,,,,,,,,,,,,,,
-124.2908331,-746.4475302,,,,,,,,,,,,,,,,,
-121.9330511,-745.5041549,,,,,,,,,,,,,,,,,
-518.4683054,-745.1617177,,,,,,,,,,,,,,,,,
-647.1684078,-745.0141374,,,,,,,,,,,,,,,,,
-0.679445096,-743.8948371,,,,,,,,,,,,,,,,,
-1.087311389,-742.7795105,,,,,,,,,,,,,,,,,
-555.309405,-742.4984459,,,,,,,,,,,,,,,,,
-493.9497084,-742.1263669,,,,,,,,,,,,,,,,,
-624.7468532,-741.9509118,,,,,,,,,,,,,,,,,
-247.8109693,-741.2133895,,,,,,,,,,,,,,,,,
-246.6072913,-740.4762716,,,,,,,,,,,,,,,,,
-623.938813,-740.3028527,,,,,,,,,,,,,,,,,
-1.415591709,-739.2049519,,,,,,,,,,,,,,,,,
-377.4948304,-738.66829,,,,,,,,,,,,,,,,,
-665.1390472,-738.5593578,,,,,,,,,,,,,,,,,
-377.5491057,-738.025319,,,,,,,,,,,,,,,,,
-371.6589138,-737.4841574,,,,,,,,,,,,,,,,,
-467.3004511,-737.0856563,,,,,,,,,,,,,,,,,
-257.3373803,-736.3791051,,,,,,,,,,,,,,,,,
-524.0080739,-736.0667948,,,,,,,,,,,,,,,,,
-251.3695698,-735.3550514,,,,,,,,,,,,,,,,,
-609.5691207,-735.1706146,,,,,,,,,,,,,,,,,
-822.4897138,-735.298461,,,,,,,,,,,,,,,,,
-0.861743219,-734.2247231,,,,,,,,,,,,,,,,,
-499.7877501,-733.8824793,,,,,,,,,,,,,,,,,
-252.7265944,-733.1810859,,,,,,,,,,,,,,,,,
-729.1921989,-733.1752797,,,,,,,,,,,,,,,,,
-255.8740331,-732.4815279,,,,,,,,,,,,,,,,,
-371.9465569,-731.958255,,,,,,,,,,,,,,,,,
-613.0453751,-731.7859175,,,,,,,,,,,,,,,,,
-370.1229944,-731.2625269,,,,,,,,,,,,,,,,,
-125.6311076,-730.387337,,,,,,,,,,,,,,,,,
-245.8654835,-729.6881713,,,,,,,,,,,,,,,,,
-259.4583584,-729.0106067,,,,,,,,,,,,,,,,,
-520.8055083,-728.711031,,,,,,,,,,,,,,,,,
-742.3322302,-728.7306017,,,,,,,,,,,,,,,,,
-474.1442991,-728.3653416,,,,,,,,,,,,,,,,,
-252.0537034,-727.6829467,,,,,,,,,,,,,,,,,
-251.9703134,-727.002385,,,,,,,,,,,,,,,,,
-578.6504953,-726.7904537,,,,,,,,,,,,,,,,,
-614.453379,-726.6302011,,,,,,,,,,,,,,,,,
-240.0294824,-725.9370377,,,,,,,,,,,,,,,,,
-242.3172196,-725.2491005,,,,,,,,,,,,,,,,,
-391.6856261,-724.7752888,,,,,,,,,,,,,,,,,
-659.1438466,-724.6821945,,,,,,,,,,,,,,,,,
-253.213063,-724.0143912,,,,,,,,,,,,,,,,,
-388.69305,-723.5401036,,,,,,,,,,,,,,,,,
-127.4645814,-722.698189,,,,,,,,,,,,,,,,,
-609.567114,-722.5386248,,,,,,,,,,,,,,,,,
-1.610425826,-721.5232329,,,,,,,,,,,,,,,,,
-968.3614509,-721.8704034,,,,,,,,,,,,,,,,,
-124.5846154,-721.0315189,,,,,,,,,,,,,,,,,
-630.3096583,-720.9042792,,,,,,,,,,,,,,,,,
-119.3974272,-720.0618327,,,,,,,,,,,,,,,,,
-382.5070871,-719.5897281,,,,,,,,,,,,,,,,,
-475.9563757,-719.2494581,,,,,,,,,,,,,,,,,
-240.4087989,-718.581619,,,,,,,,,,,,,,,,,
-653.5592147,-718.4910585,,,,,,,,,,,,,,,,,
-128.5317092,-717.6705309,,,,,,,,,,,,,,,,,
-362.8561981,-717.1777332,,,,,,,,,,,,,,,,,
-379.3064349,-716.7091184,,,,,,,,,,,,,,,,,
-486.8341822,-716.390732,,,,,,,,,,,,,,,,,
-486.5452887,-716.0728269,,,,,,,,,,,,,,,,,
-126.4657874,-715.2584525,,,,,,,,,,,,,,,,,
-251.048178,-714.6181625,,,,,,,,,,,,,,,,,
-122.711449,-713.802864,,,,,,,,,,,,,,,,,
-616.3434108,-713.6688069,,,,,,,,,,,,,,,,,
-127.6758893,-712.8638716,,,,,,,,,,,,,,,,,
-242.1153632,-712.2181261,,,,,,,,,,,,,,,,,
-375.8270377,-711.7573163,,,,,,,,,,,,,,,,,
-814.6791147,-711.8981122,,,,,,,,,,,,,,,,,
-733.2924182,-711.9273394,,,,,,,,,,,,,,,,,
-532.9301298,-711.6831413,,,,,,,,,,,,,,,,,
-513.3066216,-711.4128736,,,,,,,,,,,,,,,,,
-240.7662337,-710.772538,,,,,,,,,,,,,,,,,
-240.9073545,-710.1341342,,,,,,,,,,,,,,,,,
-794.9966406,-710.2492801,,,,,,,,,,,,,,,,,
-374.2831796,-709.7940415,,,,,,,,,,,,,,,,,
-351.4139821,-709.3090888,,,,,,,,,,,,,,,,,
-247.9924023,-708.6856878,,,,,,,,,,,,,,,,,
-247.9520907,-708.0639151,,,,,,,,,,,,,,,,,
-743.0219461,-708.1110284,,,,,,,,,,,,,,,,,
-245.5682872,-707.4884944,,,,,,,,,,,,,,,,,
-127.1994725,-706.708536,,,,,,,,,,,,,,,,,
-249.563035,-706.0949179,,,,,,,,,,,,,,,,,
-358.6334412,-705.6291519,,,,,,,,,,,,,,,,,
-693.3813735,-705.6127559,,,,,,,,,,,,,,,,,
-127.602642,-704.8400151,,,,,,,,,,,,,,,,,
-740.6732868,-704.8878566,,,,,,,,,,,,,,,,,
-810.8888101,-705.0291912,,,,,,,,,,,,,,,,,
-815.925945,-705.1768566,,,,,,,,,,,,,,,,,
-0.65034859,-704.2399863,,,,,,,,,,,,,,,,,
-818.3119723,-704.3914763,,,,,,,,,,,,,,,,,
-780.4389791,-704.4923351,,,,,,,,,,,,,,,,,
-814.3552823,-704.6378489,,,,,,,,,,,,,,,,,
-127.585997,-703.8745528,,,,,,,,,,,,,,,,,
-507.6840622,-703.6153844,,,,,,,,,,,,,,,,,
-812.0342266,-703.7584172,,,,,,,,,,,,,,,,,
-797.7132237,-703.8822048,,,,,,,,,,,,,,,,,
-478.3199521,-703.5854123,,,,,,,,,,,,,,,,,
-1.1623772,-702.662386,,,,,,,,,,,,,,,,,
-678.7102674,-702.6309528,,,,,,,,,,,,,,,,,
-126.6756245,-701.8760965,,,,,,,,,,,,,,,,,
-870.258412,-702.0964922,,,,,,,,,,,,,,,,,
-866.8216693,-702.3118193,,,,,,,,,,,,,,,,,
-431.2037742,-701.9578923,,,,,,,,,,,,,,,,,
-244.5454235,-701.3615266,,,,,,,,,,,,,,,,,
-799.108766,-701.4888017,,,,,,,,,,,,,,,,,
-363.8125359,-701.0496908,,,,,,,,,,,,,,,,,
-904.9450595,-701.31449,,,,,,,,,,,,,,,,,
-249.7799629,-700.7288421,,,,,,,,,,,,,,,,,
-765.4050352,-700.8126195,,,,,,,,,,,,,,,,,
-126.1731782,-700.0692309,,,,,,,,,,,,,,,,,
-489.2703661,-699.7968809,,,,,,,,,,,,,,,,,
-127.9608607,-699.059028,,,,,,,,,,,,,,,,,
-830.8990098,-699.2289249,,,,,,,,,,,,,,,,,
-125.2709357,-698.4902402,,,,,,,,,,,,,,,,,
-0.681092078,-697.5933133,,,,,,,,,,,,,,,,,
-620.8367925,-697.4947812,,,,,,,,,,,,,,,,,
-126.6150907,-696.7628841,,,,,,,,,,,,,,,,,
-752.6920326,-696.8344963,,,,,,,,,,,,,,,,,
-124.6450897,-696.1027963,,,,,,,,,,,,,,,,,
-125.4785564,-695.3740298,,,,,,,,,,,,,,,,,
-614.483481,-695.270853,,,,,,,,,,,,,,,,,
-471.9709605,-694.9863946,,,,,,,,,,,,,,,,,
-122.4749592,-694.2580085,,,,,,,,,,,,,,,,,
-753.4231051,-694.3331865,,,,,,,,,,,,,,,,,
-365.6883622,-693.9161246,,,,,,,,,,,,,,,,,
-621.5395891,-693.8243926,,,,,,,,,,,,,,,,,
-127.544231,-693.1075823,,,,,,,,,,,,,,,,,
-740.0758995,-693.1669607,,,,,,,,,,,,,,,,,
-555.9924343,-692.9937605,,,,,,,,,,,,,,,,,
-376.108257,-692.5941571,,,,,,,,,,,,,,,,,
-613.7123592,-692.4948097,,,,,,,,,,,,,,,,,
-712.0316501,-692.5193844,,,,,,,,,,,,,,,,,
-383.1538682,-692.1307342,,,,,,,,,,,,,,,,,
-481.9884443,-691.8670676,,,,,,,,,,,,,,,,,
-645.169019,-691.8085488,,,,,,,,,,,,,,,,,
-721.8223564,-691.846113,,,,,,,,,,,,,,,,,
-809.6505468,-691.9933685,,,,,,,,,,,,,,,,,
-521.6097945,-691.7806549,,,,,,,,,,,,,,,,,
-479.9342734,-691.5165073,,,,,,,,,,,,,,,,,
-490.8381615,-691.2665966,,,,,,,,,,,,,,,,,
-367.9748343,-690.8644924,,,,,,,,,,,,,,,,,
-694.042693,-690.8684405,,,,,,,,,,,,,,,,,
-643.2688314,-690.8093839,,,,,,,,,,,,,,,,,
-124.2092122,-690.1072771,,,,,,,,,,,,,,,,,
-495.0987188,-689.8659299,,,,,,,,,,,,,,,,,
-245.6727598,-689.3168654,,,,,,,,,,,,,,,,,
-597.592542,-689.2036255,,,,,,,,,,,,,,,,,
-363.6054674,-688.8021481,,,,,,,,,,,,,,,,,
-243.3800516,-688.2535987,,,,,,,,,,,,,,,,,
-617.2716299,-688.16629,,,,,,,,,,,,,,,,,
-236.1676518,-687.6110091,,,,,,,,,,,,,,,,,
-118.2176404,-686.912367,,,,,,,,,,,,,,,,,
-126.8248089,-686.2259852,,,,,,,,,,,,,,,,,
-132.3439112,-685.5480389,,,,,,,,,,,,,,,,,
-230.1404388,-684.9913059,,,,,,,,,,,,,,,,,
-697.1023035,-685.0060935,,,,,,,,,,,,,,,,,
-489.5283919,-684.767706,,,,,,,,,,,,,,,,,
-124.8544608,-684.0857167,,,,,,,,,,,,,,,,,
-246.3104455,-683.5531434,,,,,,,,,,,,,,,,,
-119.2316994,-682.8674551,,,,,,,,,,,,,,,,,
-1.708143351,-682.0408054,,,,,,,,,,,,,,,,,
-468.8954662,-681.7824475,,,,,,,,,,,,,,,,,
-476.5523359,-681.5339848,,,,,,,,,,,,,,,,,
-489.2677563,-681.3014985,,,,,,,,,,,,,,,,,
-2.829270352,-680.4820876,,,,,,,,,,,,,,,,,
-607.8881583,-680.3945195,,,,,,,,,,,,,,,,,
-128.4088512,-679.7294765,,,,,,,,,,,,,,,,,
-125.2347216,-679.0622145,,,,,,,,,,,,,,,,,
-239.1547122,-678.5334795,,,,,,,,,,,,,,,,,
-618.3913102,-678.46128,,,,,,,,,,,,,,,,,
-615.1058818,-678.3853143,,,,,,,,,,,,,,,,,
-127.7559983,-677.725878,,,,,,,,,,,,,,,,,
-487.8537418,-677.4987582,,,,,,,,,,,,,,,,,
-119.0918263,-676.8316054,,,,,,,,,,,,,,,,,
-128.1709276,-676.176879,,,,,,,,,,,,,,,,,
-119.7399443,-675.5136646,,,,,,,,,,,,,,,,,
-243.5331697,-674.9994021,,,,,,,,,,,,,,,,,
-488.7844895,-674.7779813,,,,,,,,,,,,,,,,,
-127.5949539,-674.1281202,,,,,,,,,,,,,,,,,
-555.7418811,-673.9876857,,,,,,,,,,,,,,,,,
-127.0091922,-673.339607,,,,,,,,,,,,,,,,,
-118.7834605,-672.6833275,,,,,,,,,,,,,,,,,
-242.5869835,-672.1749394,,,,,,,,,,,,,,,,,
-243.0963633,-671.6683531,,,,,,,,,,,,,,,,,
-125.919212,-671.024781,,,,,,,,,,,,,,,,,
-447.2189685,-670.7611699,,,,,,,,,,,,,,,,,
-371.1423301,-670.4086772,,,,,,,,,,,,,,,,,
-558.4580453,-670.2771253,,,,,,,,,,,,,,,,,
-123.1321408,-669.6349364,,,,,,,,,,,,,,,,,
-484.1857077,-669.4175281,,,,,,,,,,,,,,,,,
-236.7193198,-668.9108557,,,,,,,,,,,,,,,,,
-624.7558486,-668.8592125,,,,,,,,,,,,,,,,,
-236.6713462,-668.3543201,,,,,,,,,,,,,,,,,
-355.2756686,-667.9890008,,,,,,,,,,,,,,,,,
-126.7816459,-667.358223,,,,,,,,,,,,,,,,,
-387.0895473,-667.0319498,,,,,,,,,,,,,,,,,
-121.1670003,-666.3972231,,,,,,,,,,,,,,,,,
-473.9421201,-666.173698,,,,,,,,,,,,,,,,,
-731.4964865,-666.2494785,,,,,,,,,,,,,,,,,
-492.4403469,-666.0480774,,,,,,,,,,,,,,,,,
-438.239953,-665.7844106,,,,,,,,,,,,,,,,,
-124.1747493,-665.1582723,,,,,,,,,,,,,,,,,
-249.518097,-664.6783183,,,,,,,,,,,,,,,,,
-365.364884,-664.3330894,,,,,,,,,,,,,,,,,
-596.6749075,-664.2551422,,,,,,,,,,,,,,,,,
-359.1714712,-663.9040678,,,,,,,,,,,,,,,,,
-246.5086051,-663.4243029,,,,,,,,,,,,,,,,,
-358.6376433,-663.0743756,,,,,,,,,,,,,,,,,
-244.2495786,-662.5940719,,,,,,,,,,,,,,,,,
-240.9783754,-662.1111215,,,,,,,,,,,,,,,,,
-250.1282409,-661.6397452,,,,,,,,,,,,,,,,,
-372.218338,-661.3089779,,,,,,,,,,,,,,,,,
-124.7510654,-660.6964689,,,,,,,,,,,,,,,,,
-125.908763,-660.0866767,,,,,,,,,,,,,,,,,
-246.2972895,-659.6153904,,,,,,,,,,,,,,,,,
-129.404053,-659.0121921,,,,,,,,,,,,,,,,,
-360.7585919,-658.6732675,,,,,,,,,,,,,,,,,
-1006.705528,-659.0683098,,,,,,,,,,,,,,,,,
-0.547667317,-658.3216878,,,,,,,,,,,,,,,,,
-499.6034712,-658.1419389,,,,,,,,,,,,,,,,,
-369.1572748,-657.8150332,,,,,,,,,,,,,,,,,
-367.1654739,-657.4866156,,,,,,,,,,,,,,,,,
-121.3932036,-656.8815441,,,,,,,,,,,,,,,,,
-122.8790607,-656.2795119,,,,,,,,,,,,,,,,,
-356.0158866,-655.9413772,,,,,,,,,,,,,,,,,
-0.732847465,-655.2043598,,,,,,,,,,,,,,,,,
-483.5152995,-655.0114507,,,,,,,,,,,,,,,,,
-862.4602941,-655.2442777,,,,,,,,,,,,,,,,,
-123.1726207,-654.6477848,,,,,,,,,,,,,,,,,
-384.5372697,-654.3453094,,,,,,,,,,,,,,,,,
-123.2143979,-653.7512033,,,,,,,,,,,,,,,,,
-463.1511568,-653.5382423,,,,,,,,,,,,,,,,,
-460.2992592,-653.3225738,,,,,,,,,,,,,,,,,
-122.8812272,-652.7312234,,,,,,,,,,,,,,,,,
-564.6651391,-652.6331542,,,,,,,,,,,,,,,,,
-503.1738444,-652.4669036,,,,,,,,,,,,,,,,,
-2.183944497,-651.744367,,,,,,,,,,,,,,,,,
-255.1243873,-651.3041672,,,,,,,,,,,,,,,,,
-126.9309752,-650.7228222,,,,,,,,,,,,,,,,,
-0.720039285,-650.0029963,,,,,,,,,,,,,,,,,
-126.4875793,-649.4238864,,,,,,,,,,,,,,,,,
-500.8372537,-649.2597022,,,,,,,,,,,,,,,,,
-123.6367455,-648.6795444,,,,,,,,,,,,,,,,,
-0.614119008,-647.9650291,,,,,,,,,,,,,,,,,
-1.446223939,-647.253004,,,,,,,,,,,,,,,,,
-248.972111,-646.8148512,,,,,,,,,,,,,,,,,
-126.4202609,-646.242989,,,,,,,,,,,,,,,,,
-0.991312758,-645.5346996,,,,,,,,,,,,,,,,,
-125.6232367,-644.9646212,,,,,,,,,,,,,,,,,
-120.963725,-644.3906881,,,,,,,,,,,,,,,,,
-118.2969734,-643.8150932,,,,,,,,,,,,,,,,,
-352.9020041,-643.4971554,,,,,,,,,,,,,,,,,
-121.5490195,-642.9273431,,,,,,,,,,,,,,,,,
-238.3716534,-642.48617,,,,,,,,,,,,,,,,,
-0.582075056,-641.7869281,,,,,,,,,,,,,,,,,
-377.4543297,-641.4992974,,,,,,,,,,,,,,,,,
-1.175148517,-640.8032929,,,,,,,,,,,,,,,,,
-123.1842068,-640.2412743,,,,,,,,,,,,,,,,,
-117.8934361,-639.6747366,,,,,,,,,,,,,,,,,
-371.0857475,-639.3837409,,,,,,,,,,,,,,,,,
-118.9408005,-638.820491,,,,,,,,,,,,,,,,,
-119.8129722,-638.2594018,,,,,,,,,,,,,,,,,
-125.7676528,-637.7059549,,,,,,,,,,,,,,,,,
-478.3709639,-637.5340725,,,,,,,,,,,,,,,,,
-0.43731344,-636.8475459,,,,,,,,,,,,,,,,,
-478.3179615,-636.6769004,,,,,,,,,,,,,,,,,
-123.1602809,-636.124732,,,,,,,,,,,,,,,,,
-125.3268757,-635.576077,,,,,,,,,,,,,,,,,
-241.2022159,-635.1529291,,,,,,,,,,,,,,,,,
-2.192364212,-634.4745147,,,,,,,,,,,,,,,,,
-119.2788594,-633.9229134,,,,,,,,,,,,,,,,,
-248.1922641,-633.5103672,,,,,,,,,,,,,,,,,
-121.8545903,-632.9637265,,,,,,,,,,,,,,,,,
-243.7178908,-632.5483093,,,,,,,,,,,,,,,,,
-517.2425966,-632.4253821,,,,,,,,,,,,,,,,,
-384.103174,-632.1609282,,,,,,,,,,,,,,,,,
-1.329531817,-631.489831,,,,,,,,,,,,,,,,,
-239.4406382,-631.0732006,,,,,,,,,,,,,,,,,
-369.4247731,-630.7954422,,,,,,,,,,,,,,,,,
-523.2362288,-630.6813815,,,,,,,,,,,,,,,,,
-131.5382174,-630.1526282,,,,,,,,,,,,,,,,,
-238.0698427,-629.7377258,,,,,,,,,,,,,,,,,
-237.8238679,-629.3234405,,,,,,,,,,,,,,,,,
-658.2459017,-629.3539817,,,,,,,,,,,,,,,,,
-251.792529,-628.9557101,,,,,,,,,,,,,,,,,
-124.2841491,-628.4239171,,,,,,,,,,,,,,,,,
-124.2233325,-627.8931796,,,,,,,,,,,,,,,,,
-342.4452022,-627.593024,,,,,,,,,,,,,,,,,
-599.4075327,-627.5634174,,,,,,,,,,,,,,,,,
-251.9794381,-627.1693104,,,,,,,,,,,,,,,,,
-1.437001715,-626.5134065,,,,,,,,,,,,,,,,,
-1.192921307,-625.8586207,,,,,,,,,,,,,,,,,
-249.5723975,-625.4650158,,,,,,,,,,,,,,,,,
-123.5105301,-624.9405075,,,,,,,,,,,,,,,,,
-0.501445545,-624.2886922,,,,,,,,,,,,,,,,,
-989.7745584,-624.6698036,,,,,,,,,,,,,,,,,
-449.0881826,-624.4869061,,,,,,,,,,,,,,,,,
-121.593895,-623.9636043,,,,,,,,-244.9312277,-123.4317049,-258.8368288,-562.0526855,-1.558241744,-241.1167676,-123.3427401,-779.6440627,-246.3911615,-245.761319
-238.8937248,-623.5633238,,,,,,,,-611.4301572,-610.9382233,-610.5836398,-610.5348159,-609.9227792,-609.552492,-609.0648193,-609.2357403,-608.8725326,-608.5094213
-665.2366488,-623.6065983,,,,,,,,,,,,,,,,,
-389.2711658,-623.3635117,,,,,,,,,,,,,,,,,
-250.0039253,-622.9766106,,,,,,,,,,,,,,,,,
-119.6720398,-622.4555914,,,,,,,,,,,,,,,,,
-482.5477156,-622.310909,,,,,,,,,,,,,,,,,
-126.6608035,-621.7988737,,,,,,,,,,,,,,,,,
-404.7161107,-621.5748461,,,,,,,,,,,,,,,,,
-126.6527257,-621.0646171,,,,,,,,,,,,,,,,,
-359.2440336,-620.794977,,,,,,,,,,,,,,,,,
-0.61709003,-620.1569339,,,,,,,,,,,,,,,,,
-444.6609889,-619.9765681,,,,,,,,,,,,,,,,,
-126.940872,-619.4703712,,,,,,,,,,,,,,,,,
-126.0968335,-618.9643471,,,,,,,,,,,,,,,,,
-120.12247,-618.4532386,,,,,,,,,,,,,,,,,
-405.4962252,-618.2352683,,,,,,,,,,,,,,,,,
-126.4553854,-617.7324259,,,,,,,,,,,,,,,,,
-122.7091889,-617.2267842,,,,,,,,,,,,,,,,,
-124.0434476,-616.7235359,,,,,,,,,,,,,,,,,
-127.6384896,-616.2249782,,,,,,,,,,,,,,,,,
-2.395522079,-615.5998973,,,,,,,,,,,,,,,,,
-126.0044435,-615.1018348,,,,,,,,,,,,,,,,,
-0.570429279,-614.477311,,,,,,,,,,,,,,,,,
-0.69220262,-613.8541789,,,,,,,,,,,,,,,,,
-0.702972707,-613.2323217,,,,,,,,,,,,,,,,,
-124.3285065,-612.7369784,,,,,,,,,,,,,,,,,
-662.9562325,-612.7878076,,,,,,,,,,,,,,,,,
-123.9402155,-612.2935229,,,,,,,,,,,,,,,,,
-124.0604466,-611.8003582,,,,,,,,,,,,,,,,,
-244.9312277,-611.4301572,,,,,,,,,,,,,,,,,
-123.4317049,-610.9382233,,,,,,,,,,,,,,,,,
-258.8368288,-610.5836398,,,,,,,,,,,,,,,,,
-562.0526855,-610.5348159,,,,,,,,,,,,,,,,,
-1.558241744,-609.9227792,,,,,,,,,,,,,,,,,
-241.1167676,-609.552492,,,,,,,,,,,,,,,,,
-123.3427401,-609.0648193,,,,,,,,,,,,,,,,,
-779.6440627,-609.2357403,,,,,,,,,,,,,,,,,
-246.3911615,-608.8725326,,,,,,,,,,,,,,,,,
-245.761319,-608.5094213,,,,,,,,,,,,,,,,,
